yh001,姓名,1234,13487309333,1
yh002,姓名,1235,13487309371,1
yh003,姓名,1236,13487309376,1
yh004,姓名,1237,13487309388,1
yh005,姓名,1238,13487309466,1
yh006,姓名,1239,13487309611,1
yh007,姓名,1240,13487309623,1
yh008,姓名,1241,13487309671,1
yh009,姓名,1242,13487309702,1
yh010,姓名,1243,13487309748,1
yh011,姓名,1244,13487309777,1
yh012,姓名,1245,13487309785,1
yh013,姓名,1246,13487309857,1
yh014,姓名,1247,13487309868,1
yh015,姓名,1248,13487309873,1
yh016,姓名,1249,13487309920,1
yh017,姓名,1250,13487309923,1
yh018,姓名,1251,13487309988,1
yh019,姓名,1252,13487309999,1
yh020,姓名,1253,13487310000,1
yh021,姓名,1254,13487310010,1
yh022,姓名,1255,13487310032,1
yh023,姓名,1256,13487310053,1
yh024,姓名,1257,13487310055,1
yh025,姓名,1258,13487310073,1
yh026,姓名,1259,13487310099,1
yh027,姓名,1260,13487310104,1
yh028,姓名,1261,13487310119,1
yh029,姓名,1262,13487310167,1
yh030,姓名,1263,13487310199,1
yh031,姓名,1264,13487310211,1
yh032,姓名,1265,13487310214,1
yh033,姓名,1266,13487310222,1
yh034,姓名,1267,13487310232,1
yh035,姓名,1268,13487310244,1
yh036,姓名,1269,13487310246,1
yh037,姓名,1270,13487310249,1
yh038,姓名,1271,13487310261,1
yh039,姓名,1272,13487310272,1
yh040,姓名,1273,13487310341,1
yh041,姓名,1274,13487310348,1
yh042,姓名,1275,13487310354,1
yh043,姓名,1276,13487310357,1
yh044,姓名,1277,13487310388,1
yh045,姓名,1278,13487310394,1
yh046,姓名,1279,13487310433,1
yh047,姓名,1280,13487310443,1
yh048,姓名,1281,13487310464,1
yh049,姓名,1282,13487310496,1
yh050,姓名,1283,13487310531,1
yh051,姓名,1284,13487310581,1
yh052,姓名,1285,13487310606,1
yh053,姓名,1286,13487310612,1
yh054,姓名,1287,13487310704,1
yh055,姓名,1288,13487310725,1
yh056,姓名,1289,13487310731,1
yh057,姓名,1290,13487310751,1
yh058,姓名,1291,13487310755,1
yh059,姓名,1292,13487310780,1
yh060,姓名,1293,13487310789,1
yh061,姓名,1294,13487310827,1
yh062,姓名,1295,13487310829,1
yh063,姓名,1296,13487310839,1
yh064,姓名,1297,13487310843,1
yh065,姓名,1298,13487310846,1
yh066,姓名,1299,13487310877,1
yh067,姓名,1300,13487310880,1
yh068,姓名,1301,13487310903,1
yh069,姓名,1302,13487310921,1
yh070,姓名,1303,13487310955,1
yh071,姓名,1304,13487310958,1
yh072,姓名,1305,13487310985,1
yh073,姓名,1306,13487310989,1
